Player;Team;Nation;Pos;Age;MP;Starts;Min;90s;Gls;Ast
Bukayo Saka;Arsenal;eng ENG;FW,MF;19;38;36;2,978;33.1;11;7
Gabriel Dos Santos;Arsenal;br BRA;DF;23;35;35;3,063;34;5;0
Aaron Ramsdale;Arsenal;eng ENG;GK;23;34;34;3,060;34;0;0
Ben White;Arsenal;eng ENG;DF;23;32;32;2,880;32;0;0
Martin Ødegaard;Arsenal;no NOR;MF;22;36;32;2,785;30.9;7;4
Granit Xhaka;Arsenal;ch SUI;MF,DF;28;27;27;2,327;25.9;1;2
Thomas Partey;Arsenal;gh GHA;MF;28;24;23;2,028;22.5;2;1
Kieran Tierney;Arsenal;sct SCO;DF;24;22;22;1,915;21.3;1;3
Emile Smith Rowe;Arsenal;eng ENG;MF,FW;21;33;21;1,921;21.3;10;2
Martinelli;Arsenal;br BRA;FW,MF;20;29;21;1,860;20.7;6;6
Alexandre Lacazette;Arsenal;fr FRA;FW,MF;30;30;20;1,782;19.8;4;7
Takehiro Tomiyasu;Arsenal;jp JPN;DF;22;21;20;1,679;18.7;0;1
Cédric Soares;Arsenal;pt POR;DF;29;21;16;1,486;16.5;1;1
Nuno Tavares;Arsenal;pt POR;DF;21;22;13;1,176;13.1;1;1
Albert Sambi Lokonga;Arsenal;be BEL;MF;21;19;12;1,134;12.6;0;0
Pierre-Emerick Aubameyang;Arsenal;ga GAB;FW;32;14;12;1,037;11.5;4;1
Rob Holding;Arsenal;eng ENG;DF;25;15;9;845;9.4;1;0
Eddie Nketiah;Arsenal;eng ENG;FW;22;21;8;835;9.3;5;1
Mohamed Elneny;Arsenal;eg EGY;MF;29;14;8;806;9;0;2
Nicolas Pépé;Arsenal;ci CIV;FW,MF;26;20;5;696;7.7;1;2
Bernd Leno;Arsenal;de GER;GK;29;4;4;360;4;0;0
Ainsley Maitland-Niles;Arsenal;eng ENG;MF;23;8;2;268;3;0;0
Pablo Marí;Arsenal;es ESP;DF;27;2;2;180;2;0;0
Calum Chambers;Arsenal;eng ENG;DF;26;2;2;170;1.9;0;0
Sead Kolašinac;Arsenal;ba BIH;DF;28;2;1;91;1;0;0
Folarin Balogun;Arsenal;eng ENG;FW;20;2;1;70;0.8;0;0
Reiss Nelson;Arsenal;eng ENG;FW;21;1;0;20;0.2;0;0
Ryan Alebiousu;Arsenal;eng ENG;DF;19;0;0;;;;
Zach Awe;Arsenal;eng ENG;DF;17;0;0;;;;
Miguel Azeez;Arsenal;eng ENG;MF;18;0;0;;;;
Héctor Bellerín;Arsenal;es ESP;DF,MF;26;0;0;;;;
Mika Biereth;Arsenal;dk DEN;FW;18;0;0;;;;
Marcelo Flores;Arsenal;mx MEX;MF;17;0;0;;;;
Omari Hutchinson;Arsenal;eng ENG;DF;17;0;0;;;;
Karl Jakob Hein;Arsenal;ee EST;GK;19;0;0;;;;
Alex Kirk;Arsenal;eng ENG;DF;18;0;0;;;;
Mazeed Ogungbo;Arsenal;ie IRL;DF;18;0;0;;;;
Arthur Okonkwo;Arsenal;eng ENG;GK;19;0;0;;;;
Salah Oulad M'Hand;Arsenal;nl NED;MF;17;0;0;;;;
Charlie Patino;Arsenal;eng ENG;FW;17;0;0;;;;
Zak Swanson;Arsenal;eng ENG;DF;20;0;0;;;;
Matty Cash;Aston Villa;pl POL;DF;23;38;38;3,377;37.5;4;3
Emiliano Martínez;Aston Villa;ar ARG;GK;28;36;36;3,240;36;0;0
Tyrone Mings;Aston Villa;eng ENG;DF;28;36;35;3,189;35.4;1;3
John McGinn;Aston Villa;sct SCO;MF;26;35;35;3,090;34.3;3;4
Ollie Watkins;Aston Villa;eng ENG;FW;25;35;33;2,952;32.8;11;2
Douglas Luiz;Aston Villa;br BRA;MF;23;34;31;2,715;30.2;2;3
Ezri Konsa;Aston Villa;eng ENG;DF;23;29;29;2,477;27.5;2;0
Jacob Ramsey;Aston Villa;eng ENG;MF;20;34;29;2,467;27.4;6;1
Emi Buendía;Aston Villa;ar ARG;FW,MF;24;35;22;1,899;21.1;4;6
Danny Ings;Aston Villa;eng ENG;FW;29;30;22;1,898;21.1;7;6
Matt Targett;Aston Villa;eng ENG;DF;25;17;17;1,431;15.9;1;1
Philippe Coutinho;Aston Villa;br BRA;MF,FW;29;19;16;1,329;14.8;5;3
Lucas Digne;Aston Villa;fr FRA;DF;28;16;16;1,269;14.1;0;4
Ashley Young;Aston Villa;eng ENG;DF,FW;36;24;10;1,250;13.9;0;2
Marvelous Nakamba;Aston Villa;zw ZIM;MF;27;16;10;904;10;0;0
Calum Chambers;Aston Villa;eng ENG;DF;26;11;9;831;9.2;1;0
Leon Bailey;Aston Villa;jm JAM;FW,MF;23;18;7;761;8.5;1;2
Axel Tuanzebe;Aston Villa;eng ENG;DF;23;9;6;508;5.6;0;0
Kortney Hause;Aston Villa;eng ENG;DF;26;7;4;397;4.4;1;0
Anwar El Ghazi;Aston Villa;nl NED;FW,MF;26;9;4;386;4.3;1;1
Morgan Sanson;Aston Villa;fr FRA;MF;26;10;3;356;4;0;0
Carney Chukwuemeka;Aston Villa;eng ENG;MF,FW;17;12;2;301;3.3;0;1
Bertrand Traoré;Aston Villa;bf BFA;MF,FW;25;9;1;220;2.4;0;0
Tim Iroegbunam;Aston Villa;eng ENG;MF;18;3;1;92;1;0;0
Robin Olsen;Aston Villa;se SWE;GK;31;1;1;90;1;0;0
Jed Steer;Aston Villa;eng ENG;GK;28;1;1;90;1;0;0
Cameron Archer;Aston Villa;eng ENG;MF,FW;19;3;0;27;0.3;0;0
Keinan Davis;Aston Villa;eng ENG;FW;23;1;0;12;0.1;0;0
Trézéguet;Aston Villa;eg EGY;FW;26;1;0;11;0.1;0;0
Jaden Philogene Bidace;Aston Villa;eng ENG;FW;19;1;0;5;0.1;0;0
Wesley Moraes;Aston Villa;br BRA;FW;24;1;0;1;0;0;0
Lamare Bogarde;Aston Villa;nl NED;MF;17;0;0;;;;
Benjamin Chrisene;Aston Villa;eng ENG;DF;17;0;0;;;;
Josh Feeney;Aston Villa;eng ENG;DF;16;0;0;;;;
Frederic Guilbert;Aston Villa;fr FRA;DF,MF;26;0;0;;;;
Conor Hourihane;Aston Villa;ie IRL;MF;30;0;0;;;;
Kaine Kessler;Aston Villa;eng ENG;DF,MF;18;0;0;;;;
Filip Marshall;Aston Villa;eng ENG;GK;18;0;0;;;;
Tommi O'Reilly;Aston Villa;eng ENG;MF;17;0;0;;;;
Aaron Ramsey;Aston Villa;eng ENG;MF;18;0;0;;;;
Viljami Sinisalo;Aston Villa;fi FIN;GK;19;0;0;;;;
Pontus Jansson;Brentford;se SWE;DF;30;37;37;3,321;36.9;3;1
Christian Nørgaard;Brentford;dk DEN;MF;27;35;35;3,054;33.9;3;4
Bryan Mbeumo;Brentford;fr FRA;FW;21;35;34;2,905;32.3;4;7
Rico Henry;Brentford;eng ENG;DF;24;34;33;2,776;30.8;3;0
Ivan Toney;Brentford;eng ENG;FW;25;33;32;2,909;32.3;12;5
Ethan Pinnock;Brentford;jm JAM;DF;28;32;32;2,694;29.9;1;1
Vitaly Janelt;Brentford;de GER;MF;23;31;27;2,298;25.5;4;0
Sergi Canós;Brentford;es ESP;DF;24;31;25;2,083;23.1;3;2
David Raya;Brentford;es ESP;GK;25;24;24;2,160;24;0;0
Kristoffer Ajer;Brentford;no NOR;DF;23;24;23;1,995;22.2;1;3
Mathias Jensen;Brentford;dk DEN;MF;25;31;19;1,601;17.8;0;1
Yoane Wissa;Brentford;cd COD;FW,MF;24;30;12;1,284;14.3;7;1
Mads Roerslev;Brentford;dk DEN;DF;22;21;12;1,240;13.8;1;1
Álvaro Fernández;Brentford;es ESP;GK;23;12;12;1,080;12;0;0
Frank Onyeka;Brentford;ng NGA;MF;23;20;12;1,045;11.6;0;0
Christian Eriksen;Brentford;dk DEN;MF;29;11;10;939;10.4;1;4
Shandon Baptiste;Brentford;gd GRN;MF;23;22;9;910;10.1;1;1
Mads Bech Sørensen;Brentford;dk DEN;DF;22;11;9;835;9.3;0;0
Mathias Jørgensen;Brentford;dk DEN;DF;31;8;6;518;5.8;1;0
Saman Ghoddos;Brentford;ir IRN;DF,MF;27;17;4;536;6;1;1
Charlie Goode;Brentford;eng ENG;DF;25;6;4;450;5;0;0
Josh Dasilva;Brentford;eng ENG;MF,FW;22;9;2;257;2.9;0;0
Jonas Lössl;Brentford;dk DEN;GK;32;2;2;180;2;0;0
Dominic Thompson;Brentford;eng ENG;DF;21;2;2;146;1.6;0;0
Marcus Forss;Brentford;fi FIN;FW,MF;22;7;1;209;2.3;0;1
Mads Bidstrup;Brentford;dk DEN;MF;20;4;0;41;0.5;0;0
Tariqe Fosu;Brentford;gh GHA;DF;25;1;0;17;0.2;0;0
Finley Stevens;Brentford;wls WAL;DF;18;1;0;15;0.2;0;0
Nathan Young-Coombes;Brentford;eng ENG;FW;18;1;0;4;0;0;0
Matthew Cox;Brentford;eng ENG;GK;18;0;0;;;;
Halil Dervi?o?lu;Brentford;tr TUR;FW;21;0;0;;;;
Patrik Gunnarsson;Brentford;is ISL;GK;20;0;0;;;;
Maxwell Haygarth;Brentford;eng ENG;MF;19;0;0;;;;
Julian Jeanvier;Brentford;gn GUI;DF;29;0;0;;;;
Edmond-Paris Maghoma;Brentford;eng ENG;MF;20;0;0;;;;
Myles Peart-Harris;Brentford;eng ENG;MF;18;0;0;;;;
Robert Sánchez;Brighton & Hove Albion;es ESP;GK;23;37;37;3,329;37;0;0
Marc Cucurella;Brighton & Hove Albion;es ESP;DF;23;35;35;3,089;34.3;1;1
Joël Veltman;Brighton & Hove Albion;nl NED;DF;29;34;33;2,874;31.9;1;1
Leandro Trossard;Brighton & Hove Albion;be BEL;FW,MF;26;34;32;2,805;31.2;8;3
Lewis Dunk;Brighton & Hove Albion;eng ENG;DF;29;29;29;2,573;28.6;1;0
Neal Maupay;Brighton & Hove Albion;fr FRA;FW;24;32;25;2,276;25.3;8;2
Yves Bissouma;Brighton & Hove Albion;ml MLI;MF;24;26;25;2,111;23.5;1;2
Pascal Groß;Brighton & Hove Albion;de GER;MF,DF;30;29;24;2,038;22.6;2;4
Alexis Mac Allister;Brighton & Hove Albion;ar ARG;MF,FW;22;33;22;2,123;23.6;5;2
Jakub Moder;Brighton & Hove Albion;pl POL;MF,FW;22;28;19;1,701;18.9;0;3
Adam Lallana;Brighton & Hove Albion;eng ENG;MF;33;24;18;1,561;17.3;0;1
Solly March;Brighton & Hove Albion;eng ENG;DF,FW;27;31;17;1,746;19.4;0;2
Tariq Lamptey;Brighton & Hove Albion;eng ENG;DF,FW;20;30;16;1,561;17.3;0;2
Adam Webster;Brighton & Hove Albion;eng ENG;DF;26;22;16;1,434;15.9;2;0
Danny Welbeck;Brighton & Hove Albion;eng ENG;FW;30;25;15;1,478;16.4;6;2
Shane Duffy;Brighton & Hove Albion;ie IRL;DF;29;18;15;1,436;16;1;0
Dan Burn;Brighton & Hove Albion;eng ENG;DF;29;13;12;1,022;11.4;1;0
Enock Mwepu;Brighton & Hove Albion;zm ZAM;MF,FW;23;18;12;996;11.1;2;4
Moisés Caicedo;Brighton & Hove Albion;ec ECU;MF;19;8;8;660;7.3;1;1
Steven Alzate;Brighton & Hove Albion;co COL;MF;22;9;5;404;4.5;0;0
Aaron Connolly;Brighton & Hove Albion;ie IRL;FW;21;4;1;156;1.7;0;0
Jason Steele;Brighton & Hove Albion;eng ENG;GK;30;1;1;90;1;0;0
Jeremy Sarmiento;Brighton & Hove Albion;ec ECU;FW,MF;19;5;1;48;0.5;0;0
Taylor Richards;Brighton & Hove Albion;eng ENG;MF,FW;20;2;0;25;0.3;0;0
Evan Ferguson;Brighton & Hove Albion;ie IRL;MF;16;1;0;23;0.3;0;0
Jürgen Locadia;Brighton & Hove Albion;nl NED;FW;27;1;0;23;0.3;0;0
Florin Andone;Brighton & Hove Albion;ro ROU;FW;28;0;0;;;;
Micha? Karbownik;Brighton & Hove Albion;pl POL;DF;20;0;0;;;;
Marc Leonard;Brighton & Hove Albion;sct SCO;MF;19;0;0;;;;
Thomas Mcgill;Brighton & Hove Albion;eng ENG;GK;21;0;0;;;;
Odeluga Offiah;Brighton & Hove Albion;eng ENG;DF;18;0;0;;;;
Haydon Roberts;Brighton & Hove Albion;eng ENG;DF;19;0;0;;;;
Kjell Scherpen;Brighton & Hove Albion;nl NED;GK;21;0;0;;;;
Ed Turns;Brighton & Hove Albion;wls WAL;DF;18;0;0;;;;
Andi Zeqiri;Brighton & Hove Albion;ch SUI;FW;22;0;0;;;;
Nick Pope;Burnley;eng ENG;GK;29;36;36;3,240;36;0;0
Dwight McNeil;Burnley;eng ENG;MF;21;38;35;3,107;34.5;0;1
James Tarkowski;Burnley;eng ENG;DF;28;35;35;3,106;34.5;1;2
Josh Brownhill;Burnley;eng ENG;MF;25;35;32;2,955;32.8;2;3
Charlie Taylor;Burnley;eng ENG;DF;27;31;30;2,731;30.3;0;3
Ashley Westwood;Burnley;eng ENG;MF;31;27;26;2,287;25.4;0;3
Ben Mee;Burnley;eng ENG;DF;31;21;21;1,839;20.4;3;0
Maxwel Cornet;Burnley;ci CIV;FW,MF;24;26;21;1,766;19.6;9;1
Matthew Lowton;Burnley;eng ENG;DF;32;25;20;1,772;19.7;1;2
Jack Cork;Burnley;eng ENG;MF;32;20;20;1,670;18.6;1;0
Connor Roberts;Burnley;wls WAL;DF;25;21;19;1,692;18.8;1;1
Nathan Collins;Burnley;ie IRL;DF;20;19;18;1,670;18.6;2;0
Aaron Lennon;Burnley;eng ENG;MF;34;28;17;1,551;17.2;2;0
Wout Weghorst;Burnley;nl NED;FW;28;20;17;1,450;16.1;2;3
Chris Wood;Burnley;nz NZL;FW;29;17;17;1,367;15.2;3;0
Jay Rodriguez;Burnley;eng ENG;FW;32;29;13;1,382;15.4;2;2
Jóhann Berg Guðmundsson;Burnley;is ISL;MF;30;18;13;1,102;12.2;0;1
Ashley Barnes;Burnley;eng ENG;FW;31;23;8;808;9;1;0
Erik Pieters;Burnley;nl NED;DF;32;12;8;730;8.1;0;1
Mat?j Vydra;Burnley;cz CZE;FW;29;22;5;679;7.5;2;3
Kevin Long;Burnley;ie IRL;DF;30;6;4;410;4.6;0;0
Wayne Hennessey;Burnley;wls WAL;GK;34;2;2;180;2;0;0
Dale Stephens;Burnley;eng ENG;MF;32;3;1;124;1.4;0;0
Phil Bardsley;Burnley;sct SCO;DF;36;0;0;;;;
Dara Costelloe;Burnley;ie IRL;DF;18;0;0;;;;
Owen Dodgson;Burnley;eng ENG;DF;18;0;0;;;;
Anthony Gomez Mancini;Burnley;fr FRA;MF;20;0;0;;;;
Joseph McGlynn;Burnley;eng ENG;MF;18;0;0;;;;
Will Norris;Burnley;eng ENG;GK;27;0;0;;;;
Lewis Richardson;Burnley;eng ENG;FW;18;0;0;;;;
Bobby Thomas;Burnley;eng ENG;DF;;0;0;;;;
Sam Waller;Burnley;eng ENG;GK;17;0;0;;;;
Edouard Mendy;Chelsea;sn SEN;GK;29;34;34;3,060;34;0;0
Antonio Rüdiger;Chelsea;de GER;DF;28;34;34;3,035;33.7;3;0
Thiago Silva;Chelsea;br BRA;DF;36;32;28;2,650;29.4;3;0
Mason Mount;Chelsea;eng ENG;MF,FW;22;32;27;2,363;26.3;11;10
Jorginho;Chelsea;it ITA;MF;29;29;26;2,273;25.3;6;2
Marcos Alonso;Chelsea;es ESP;DF;30;28;25;2,167;24.1;4;4
César Azpilicueta;Chelsea;es ESP;DF;31;27;24;2,070;23;1;2
Reece James;Chelsea;eng ENG;DF;21;26;22;1,864;20.7;5;9
Kai Havertz;Chelsea;de GER;FW,MF;22;29;22;1,809;20.1;8;3
N'Golo Kanté;Chelsea;fr FRA;MF;30;26;21;1,773;19.7;2;4
Andreas Christensen;Chelsea;dk DEN;DF;25;19;17;1,496;16.6;0;0
Trevoh Chalobah;Chelsea;eng ENG;DF;22;20;17;1,449;16.1;3;1
Romelu Lukaku;Chelsea;be BEL;FW;28;26;16;1,589;17.7;8;0
Mateo Kova?i?;Chelsea;hr CRO;MF;27;25;16;1,558;17.3;2;5
Timo Werner;Chelsea;de GER;FW,MF;25;21;15;1,283;14.3;4;1
Hakim Ziyech;Chelsea;ma MAR;FW,MF;28;23;14;1,319;14.7;4;3
Ruben Loftus-Cheek;Chelsea;eng ENG;MF,DF;25;24;13;1,394;15.5;0;2
Christian Pulisic;Chelsea;us USA;MF,FW;22;22;13;1,290;14.3;6;2
Callum Hudson-Odoi;Chelsea;eng ENG;FW,MF;20;15;11;962;10.7;1;2
Malang Sarr;Chelsea;fr FRA;DF;22;8;6;546;6.1;0;0
Ben Chilwell;Chelsea;eng ENG;DF;24;7;6;542;6;3;1
Saúl Ñíguez;Chelsea;es ESP;MF,DF;26;10;5;480;5.3;0;0
Kepa Arrizabalaga;Chelsea;es ESP;GK;26;4;4;360;4;0;0
Ross Barkley;Chelsea;eng ENG;MF;27;6;1;179;2;1;0
Kenedy;Chelsea;br BRA;DF;25;1;1;58;0.6;0;1
Emerson Palmieri;Chelsea;it ITA;DF;26;1;0;5;0.1;0;0
Tammy Abraham;Chelsea;eng ENG;FW;23;0;0;;;;
Marcus Bettinelli;Chelsea;eng ENG;GK;29;0;0;;;;
Lewis Hall;Chelsea;eng ENG;MF;16;0;0;;;;
Harvey Vale;Chelsea;eng ENG;MF;17;0;0;;;;
Kurt Zouma;Chelsea;fr FRA;DF;26;0;0;;;;
Marc Guéhi;Crystal Palace;eng ENG;DF;21;36;36;3,222;35.8;2;1
Tyrick Mitchell;Crystal Palace;eng ENG;DF;21;36;35;3,101;34.5;0;2
Conor Gallagher;Crystal Palace;eng ENG;MF;21;34;33;2,845;31.6;8;3
Joachim Andersen;Crystal Palace;dk DEN;DF;25;34;32;2,916;32.4;0;3
Wilfried Zaha;Crystal Palace;ci CIV;FW;28;33;31;2,760;30.7;14;1
Vicente Guaita;Crystal Palace;es ESP;GK;34;30;30;2,655;29.5;0;0
Joel Ward;Crystal Palace;eng ENG;DF;31;28;27;2,487;27.6;0;0
Jordan Ayew;Crystal Palace;gh GHA;FW;29;31;23;2,019;22.4;3;3
Cheikhou Kouyaté;Crystal Palace;sn SEN;MF;31;27;23;1,974;21.9;0;1
Jeffrey Schlupp;Crystal Palace;gh GHA;MF,FW;28;32;20;1,851;20.6;4;1
Odsonne Édouard;Crystal Palace;fr FRA;FW;23;28;18;1,564;17.4;6;3
James McArthur;Crystal Palace;sct SCO;MF;33;21;15;1,439;16;0;3
Nathaniel Clyne;Crystal Palace;eng ENG;DF;30;16;15;1,351;15;0;1
Jean-Philippe Mateta;Crystal Palace;fr FRA;FW;24;22;13;1,145;12.7;5;1
Will Hughes;Crystal Palace;eng ENG;MF;26;16;13;1,053;11.7;0;1
Michael Olise;Crystal Palace;fr FRA;FW,MF;19;26;12;1,141;12.7;2;5
Christian Benteke;Crystal Palace;be BEL;FW;30;25;11;1,145;12.7;4;1
Luka Milivojevi?;Crystal Palace;rs SRB;MF;30;15;9;774;8.6;0;0
Jack Butland;Crystal Palace;eng ENG;GK;28;9;8;765;8.5;0;0
Eberechi Eze;Crystal Palace;eng ENG;MF,FW;23;13;6;605;6.7;1;1
James Tomkins;Crystal Palace;eng ENG;DF;32;8;6;547;6.1;1;0
Jaïro Riedewald;Crystal Palace;nl NED;MF;24;3;1;118;1.3;0;0
Jesuran Rak Sakyi;Crystal Palace;eng ENG;FW,MF;18;2;1;80;0.9;0;0
Nathan Ferguson;Crystal Palace;eng ENG;DF;20;1;0;9;0.1;0;0
Omotayo Adaramola;Crystal Palace;ie IRL;DF;17;0;0;;;;
Scott Banks;Crystal Palace;sct SCO;MF;19;0;0;;;;
Reece Hannam;Crystal Palace;eng ENG;DF;20;0;0;;;;
Martin Kelly;Crystal Palace;eng ENG;DF,MF;31;0;0;;;;
Remi Matthews;Crystal Palace;eng ENG;GK;27;0;0;;;;
Robert Street;Crystal Palace;eng ENG;FW;19;0;0;;;;
Jordan Pickford;Everton;eng ENG;GK;27;35;35;3,150;35;0;0
Michael Keane;Everton;eng ENG;DF;28;32;31;2,792;31;3;2
Séamus Coleman;Everton;ie IRL;DF;32;30;30;2,656;29.5;1;0
Abdoulaye Doucouré;Everton;ml MLI;MF;28;30;29;2,537;28.2;2;4
Richarlison;Everton;br BRA;FW,MF;24;30;28;2,523;28;10;5
Demarai Gray;Everton;eng ENG;MF,FW;25;34;28;2,338;26;5;4
Anthony Gordon;Everton;eng ENG;MF,FW;20;35;25;2,285;25.4;4;2
Allan;Everton;br BRA;MF;30;28;25;2,183;24.3;0;2
Mason Holgate;Everton;eng ENG;DF;24;25;23;2,134;23.7;2;1
Ben Godfrey;Everton;eng ENG;DF;23;23;23;2,029;22.5;0;0
Alex Iwobi;Everton;ng NGA;MF,DF;25;28;22;2,035;22.6;2;2
Andros Townsend;Everton;eng ENG;MF;30;21;17;1,455;16.2;3;2
Dominic Calvert-Lewin;Everton;eng ENG;FW;24;17;15;1,283;14.3;5;2
Lucas Digne;Everton;fr FRA;DF;28;13;13;1,170;13;0;0
Vitaliy Mykolenko;Everton;ua UKR;DF;22;13;12;1,055;11.7;1;0
Jonjoe Kenny;Everton;eng ENG;DF;24;15;11;1,018;11.3;0;1
Yerry Mina;Everton;co COL;DF;26;13;11;846;9.4;0;0
Salomón Rondón;Everton;ve VEN;FW;31;20;8;790;8.8;1;1
Fabian Delph;Everton;eng ENG;MF;31;11;8;662;7.4;0;0
André Gomes;Everton;pt POR;MF;28;14;7;619;6.9;0;1
Donny van de Beek;Everton;nl NED;MF;24;7;5;483;5.4;1;0
Jarrad Branthwaite;Everton;eng ENG;DF;19;6;4;388;4.3;1;0
Asmir Begovi?;Everton;ba BIH;GK;34;3;3;270;3;0;0
Tom Davies;Everton;eng ENG;MF;23;6;2;234;2.6;1;0
Dele Alli;Everton;eng ENG;MF;25;11;1;338;3.8;0;0
Jean-Philippe Gbamin;Everton;ci CIV;MF;25;3;1;67;0.7;0;0
Ellis Simms;Everton;eng ENG;FW;20;1;1;61;0.7;0;0
Lewis Dobbin;Everton;eng ENG;FW,MF;18;3;0;32;0.4;0;0
Tyler Onyango;Everton;eng ENG;MF,FW;18;3;0;28;0.3;0;0
Isaac Price;Everton;nir NIR;MF;17;1;0;14;0.2;0;0
Anwar El Ghazi;Everton;nl NED;FW;26;2;0;13;0.1;0;0
Cenk Tosun;Everton;tr TUR;FW;30;1;0;7;0.1;0;0
Moise Kean;Everton;it ITA;FW;21;1;0;1;0;0;0
Nathan Broadhead;Everton;wls WAL;FW,MF;23;0;0;;;;
Andy Lonergan;Everton;ie IRL;GK;37;0;0;;;;
Niels Nkounkou;Everton;fr FRA;DF;20;0;0;;;;
Nathan Patterson;Everton;sct SCO;DF;19;0;0;;;;
Harry Tyrer;Everton;eng ENG;GK;19;0;0;;;;
Reece Welch;Everton;eng ENG;DF;17;0;0;;;;
Charlie Whitaker;Everton;eng ENG;MF;17;0;0;;;;
Illan Meslier;Leeds United;fr FRA;GK;21;38;38;3,384;37.6;0;0
Stuart Dallas;Leeds United;nir NIR;DF,MF;30;34;34;2,919;32.4;1;1
Raphael Dias Belloli;Leeds United;br BRA;FW,MF;24;35;34;2,915;32.4;11;3
Jack Harrison;Leeds United;eng ENG;FW,MF;24;35;32;2,639;29.3;8;1
Daniel James;Leeds United;wls WAL;FW,MF;23;32;29;2,366;26.3;4;4
Diego Llorente;Leeds United;es ESP;DF;27;28;28;2,340;26;3;0
Rodrigo;Leeds United;es ESP;MF,FW;30;31;27;2,265;25.2;6;1
Luke Ayling;Leeds United;eng ENG;DF;29;26;26;2,272;25.2;2;2
Mateusz Klich;Leeds United;pl POL;MF;31;33;26;2,073;23;1;2
Pascal Struijk;Leeds United;nl NED;DF;21;29;22;2,055;22.8;1;0
Liam Cooper;Leeds United;sct SCO;DF;29;21;21;1,814;20.2;0;1
Junior Firpo;Leeds United;es ESP;DF;24;24;19;1,711;19;0;2
Kalvin Phillips;Leeds United;eng ENG;MF;25;20;18;1,596;17.7;0;1
Robin Koch;Leeds United;de GER;MF,DF;25;20;17;1,574;17.5;0;0
Adam Forshaw;Leeds United;eng ENG;MF;29;22;17;1,530;17;0;1
Tyler Roberts;Leeds United;wls WAL;MF,FW;22;23;7;987;11;1;1
Jamie Shackleton;Leeds United;eng ENG;DF,MF;21;14;7;709;7.9;0;0
Patrick Bamford;Leeds United;eng ENG;FW;27;9;7;559;6.2;2;2
Joe Gelhardt;Leeds United;eng ENG;FW,MF;19;20;5;746;8.3;2;2
Sam Greenwood;Leeds United;eng ENG;MF,FW;19;7;1;237;2.6;0;2
Lewis Bate;Leeds United;eng ENG;MF;18;3;1;146;1.6;0;0
Charlie Cresswell;Leeds United;eng ENG;DF;18;5;1;141;1.6;0;0
Cody Drameh;Leeds United;eng ENG;DF;19;3;1;128;1.4;0;0
Leo Fuhr Hjelde;Leeds United;no NOR;DF;17;2;0;150;1.7;0;0
Crysencio Summerville;Leeds United;nl NED;MF,FW;19;6;0;130;1.4;0;0
Kristoffer Klaesson;Leeds United;no NOR;GK;20;1;0;36;0.4;0;0
Hélder Costa;Leeds United;ao ANG;MF;27;1;0;22;0.2;0;0
Liam McCarron;Leeds United;sct SCO;FW;20;1;0;10;0.1;0;0
Stuart McKinstry;Leeds United;sct SCO;MF;18;1;0;4;0;0;0
Nohan Kenneh;Leeds United;eng ENG;DF;18;0;0;;0;0;0
Archie Gray;Leeds United;eng ENG;MF;15;0;0;;;;
Jack Jenkins;Leeds United;eng ENG;MF;19;0;0;;;;
Kris Moore;Leeds United;;MF;;0;0;;;;
Kasper Schmeichel;Leicester City;dk DEN;GK;34;37;37;3,330;37;0;0
Youri Tielemans;Leicester City;be BEL;MF;24;32;29;2,631;29.2;6;4
Ça?lar Söyüncü;Leicester City;tr TUR;DF;25;28;28;2,497;27.7;1;0
James Maddison;Leicester City;eng ENG;MF,FW;24;35;28;2,459;27.3;12;8
Harvey Barnes;Leicester City;eng ENG;FW,MF;23;32;24;2,101;23.3;6;10
Daniel Amartey;Leicester City;gh GHA;DF;26;28;23;2,123;23.6;0;0
Kiernan Dewsbury Hall;Leicester City;eng ENG;MF;22;28;23;2,105;23.4;1;3
Timothy Castagne;Leicester City;be BEL;DF;25;27;22;2,127;23.6;1;0
Luke Thomas;Leicester City;eng ENG;DF;20;22;21;1,912;21.2;0;1
Jamie Vardy;Leicester City;eng ENG;FW;34;25;20;1,806;20.1;15;2
Wilfred Ndidi;Leicester City;ng NGA;MF,DF;24;19;18;1,618;18;0;0
Ademola Lookman;Leicester City;ng NGA;FW,MF;23;26;16;1,453;16.1;6;0
Jonny Evans;Leicester City;nir NIR;DF;33;18;16;1,348;15;1;1
Kelechi Iheanacho;Leicester City;ng NGA;FW;24;26;13;1,264;14;4;5
Patson Daka;Leicester City;zm ZAM;FW;22;23;13;1,159;12.9;5;3
Ricardo Pereira;Leicester City;pt POR;DF;27;14;13;991;11;1;3
Boubakary Soumaré;Leicester City;fr FRA;MF;22;19;12;1,102;12.2;0;1
Nampalys Mendy;Leicester City;sn SEN;MF;29;14;12;1,032;11.5;0;0
Marc Albrighton;Leicester City;eng ENG;FW,DF;31;17;11;1,132;12.6;1;2
James Justin;Leicester City;eng ENG;DF;23;13;11;998;11.1;0;0
Wesley Fofana;Leicester City;fr FRA;DF;20;7;7;630;7;0;0
Jannik Vestergaard;Leicester City;dk DEN;DF;28;10;6;567;6.3;0;0
Ayoze Pérez;Leicester City;es ESP;MF,FW;28;14;6;445;4.9;2;3
Ryan Bertrand;Leicester City;eng ENG;DF;31;4;4;337;3.7;0;0
Hamza Choudhury;Leicester City;eng ENG;DF,MF;23;6;4;285;3.2;0;0
Danny Ward;Leicester City;wls WAL;GK;28;1;1;90;1;0;0
Lewis Brunt;Leicester City;eng ENG;MF;20;1;0;24;0.3;0;0
Kasey McAteer;Leicester City;eng ENG;FW;19;1;0;3;0;0;0
Vontae Daley Campbell;Leicester City;eng ENG;DF;20;0;0;;;;
Eldin Jakupovi?;Leicester City;ch SUI;GK;36;0;0;;;;
Benjamin Nelson;Leicester City;sct SCO;DF;17;0;0;;;;
Dennis Praet;Leicester City;be BEL;MF;27;0;0;;;;
Alisson;Liverpool;br BRA;GK;28;36;36;3,240;36;0;1
Virgil van Dijk;Liverpool;nl NED;DF;30;34;34;3,060;34;3;1
Trent Alexander-Arnold;Liverpool;eng ENG;DF;22;32;32;2,853;31.7;2;12
Sadio Mané;Liverpool;sn SEN;FW;29;34;32;2,819;31.3;16;2
Joël Matip;Liverpool;cm CMR;DF;29;31;31;2,790;31;3;3
Mohamed Salah;Liverpool;eg EGY;FW;29;35;30;2,762;30.7;23;13
Jordan Henderson;Liverpool;eng ENG;MF;31;35;29;2,597;28.9;2;5
Andrew Robertson;Liverpool;sct SCO;DF;27;29;29;2,537;28.2;3;10
Diogo Jota;Liverpool;pt POR;FW;24;35;27;2,364;26.3;15;4
Fabinho;Liverpool;br BRA;MF;27;29;26;2,314;25.7;5;1
Thiago Alcántara;Liverpool;es ESP;MF;30;25;17;1,534;17;1;4
Naby Keïta;Liverpool;gn GUI;MF;26;23;14;1,173;13;3;1
Ibrahima Konaté;Liverpool;fr FRA;DF;22;11;11;990;11;0;0
Luis Díaz;Liverpool;co COL;FW;24;13;11;958;10.6;4;3
Roberto Firmino;Liverpool;br BRA;FW;29;20;10;990;11;5;4
Curtis Jones;Liverpool;eng ENG;MF;20;15;10;851;9.5;1;1
Kostas Tsimikas;Liverpool;gr GRE;DF;25;13;9;877;9.7;0;2
James Milner;Liverpool;eng ENG;MF,DF;35;24;9;853;9.5;0;1
Alex Oxlade-Chamberlain;Liverpool;eng ENG;MF,FW;27;17;9;785;8.7;2;1
Harvey Elliott;Liverpool;eng ENG;MF;18;6;4;346;3.8;0;0
Joe Gomez;Liverpool;eng ENG;DF;24;8;4;331;3.7;0;1
Caoimhín Kelleher;Liverpool;ie IRL;GK;22;2;2;180;2;0;0
Takumi Minamino;Liverpool;jp JPN;FW,MF;26;11;1;186;2.1;3;0
Tyler Morton;Liverpool;eng ENG;MF;18;2;1;66;0.7;0;0
Divock Origi;Liverpool;be BEL;FW;26;7;0;133;1.5;3;0
Kaide Gordon;Liverpool;eng ENG;FW;16;1;0;9;0.1;0;0
Neco Williams;Liverpool;wls WAL;DF;20;1;0;8;0.1;0;1
Adrián;Liverpool;es ESP;GK;34;0;0;;;;
Owen Beck;Liverpool;wls WAL;DF;18;0;0;;;;
Conor Bradley;Liverpool;nir NIR;DF;18;0;0;;;;
Nathaniel Phillips;Liverpool;eng ENG;DF;24;0;0;;;;
Marcelo Pitaluga;Liverpool;br BRA;GK;18;0;0;;;;
Jarrell Quansah;Liverpool;eng ENG;DF;18;0;0;;;;
Rhys Williams;Liverpool;eng ENG;DF;20;0;0;;;;
Ben Woodburn;Liverpool;wls WAL;FW,MF;21;0;0;;;;
Ederson;Manchester City;br BRA;GK;27;37;37;3,330;37;0;0
João Cancelo;Manchester City;pt POR;DF;27;36;36;3,227;35.9;1;7
Rodri;Manchester City;es ESP;MF;25;33;33;2,884;32;7;2
Bernardo Silva;Manchester City;pt POR;MF,FW;26;35;33;2,857;31.7;8;4
Aymeric Laporte;Manchester City;es ESP;DF;27;33;33;2,828;31.4;4;0
Rúben Dias;Manchester City;pt POR;DF;24;29;27;2,402;26.7;2;4
Kevin De Bruyne;Manchester City;be BEL;MF;30;30;25;2,201;24.5;15;8
Phil Foden;Manchester City;eng ENG;FW;21;28;24;2,128;23.6;9;5
Raheem Sterling;Manchester City;eng ENG;FW;26;30;23;2,128;23.6;13;5
Jack Grealish;Manchester City;eng ENG;FW;25;26;22;1,914;21.3;3;3
Gabriel Jesus;Manchester City;br BRA;FW;24;28;21;1,877;20.9;8;8
?lkay Gündo?an;Manchester City;de GER;MF;30;27;20;1,857;20.6;8;4
Kyle Walker;Manchester City;eng ENG;DF;31;20;20;1,755;19.5;0;2
Riyad Mahrez;Manchester City;dz ALG;FW;30;28;15;1,498;16.6;11;5
John Stones;Manchester City;eng ENG;DF;27;14;12;1,119;12.4;1;0
Oleksandr Zinchenko;Manchester City;ua UKR;DF;24;15;10;1,047;11.6;0;4
Fernandinho;Manchester City;br BRA;MF,DF;36;19;10;964;10.7;2;1
Nathan Aké;Manchester City;nl NED;DF;26;14;10;923;10.3;2;0
Ferrán Torres;Manchester City;es ESP;FW;21;4;4;303;3.4;2;1
Cole Palmer;Manchester City;eng ENG;FW,MF;19;4;1;123;1.4;0;0
Zack Steffen;Manchester City;us USA;GK;26;1;1;90;1;0;0
Benjamin Mendy;Manchester City;fr FRA;DF;27;1;1;78;0.9;0;0
James Mcatee;Manchester City;eng ENG;MF,FW;18;2;0;20;0.2;0;0
Liam Delap;Manchester City;eng ENG;FW;18;1;0;10;0.1;0;0
Kayky Chagas;Manchester City;br BRA;FW;18;1;0;7;0.1;0;0
CJ Egan-Riley;Manchester City;eng ENG;DF;18;1;0;4;0;0;0
Scott Carson;Manchester City;eng ENG;GK;35;0;0;;;;
Thomas Doyle;Manchester City;eng ENG;MF;19;0;0;;;;
Samuel Edozie;Manchester City;eng ENG;FW;18;0;0;;;;
Roméo Lavia;Manchester City;be BEL;MF;17;0;0;;;;
Luke Mbete-Tatu;Manchester City;eng ENG;DF;20;0;0;;;;
Cieran Slicker;Manchester City;sct SCO;GK;18;0;0;;;;
Josh Wilson-Esbrand;Manchester City;eng ENG;DF;18;0;0;;;;
David de Gea;Manchester United;es ESP;GK;30;38;38;3,420;38;0;0
Bruno Fernandes;Manchester United;pt POR;MF;26;36;35;3,111;34.6;10;6
Harry Maguire;Manchester United;eng ENG;DF;28;30;28;2,515;27.9;1;0
Scott McTominay;Manchester United;sct SCO;MF;24;30;28;2,387;26.5;1;1
Cristiano Ronaldo;Manchester United;pt POR;FW;36;30;27;2,456;27.3;18;3
Victor Lindelöf;Manchester United;se SWE;DF;27;28;26;2,355;26.2;0;2
Fred;Manchester United;br BRA;MF;28;28;24;2,028;22.5;4;4
Jadon Sancho;Manchester United;eng ENG;FW,MF;21;29;20;1,900;21.1;3;3
Raphaël Varane;Manchester United;fr FRA;DF;28;22;20;1,831;20.3;1;1
Aaron Wan-Bissaka;Manchester United;eng ENG;DF;23;20;20;1,793;19.9;0;0
Diogo Dalot;Manchester United;pt POR;DF;22;24;19;1,801;20;0;0
Luke Shaw;Manchester United;eng ENG;DF;26;20;19;1,601;17.8;0;3
Alex Telles;Manchester United;br BRA;DF;28;21;18;1,660;18.4;0;4
Nemanja Mati?;Manchester United;rs SRB;MF;32;23;16;1,382;15.4;0;4
Paul Pogba;Manchester United;fr FRA;MF,FW;28;20;16;1,349;15;1;9
Mason Greenwood;Manchester United;eng ENG;FW,MF;19;18;16;1,271;14.1;5;1
Anthony Elanga;Manchester United;se SWE;FW;19;21;14;1,214;13.5;2;2
Marcus Rashford;Manchester United;eng ENG;FW,MF;23;25;13;1,235;13.7;4;2
Edinson Cavani;Manchester United;uy URU;FW;34;15;7;766;8.5;2;1
Eric Bailly;Manchester United;ci CIV;DF;27;4;3;217;2.4;0;0
Jesse Lingard;Manchester United;eng ENG;FW,MF;28;16;2;367;4.1;2;0
Juan Mata;Manchester United;es ESP;MF;33;7;2;235;2.6;0;0
Anthony Martial;Manchester United;fr FRA;FW;25;8;2;212;2.4;1;0
Phil Jones;Manchester United;eng ENG;DF;29;4;2;163;1.8;0;0
Daniel James;Manchester United;wls WAL;FW;23;2;2;126;1.4;0;0
Hannibal Mejbri;Manchester United;tn TUN;FW;18;2;1;68;0.8;0;0
Donny van de Beek;Manchester United;nl NED;MF;24;8;0;75;0.8;1;0
Shola Shoretire;Manchester United;eng ENG;FW;17;1;0;16;0.2;0;0
Alejandro Garnacho;Manchester United;es ESP;FW;17;2;0;13;0.1;0;0
Amad Diallo;Manchester United;ci CIV;FW;19;0;0;;;;
Álvaro Fernández;Manchester United;es ESP;DF;18;0;0;;;;
Tom Heaton;Manchester United;eng ENG;GK;35;0;0;;;;
Dean Henderson;Manchester United;eng ENG;GK;24;0;0;;;;
Andreas Pereira;Manchester United;br BRA;MF;25;0;0;;;;
Charlie Savage;Manchester United;wls WAL;MF;18;0;0;;;;
Brandon Williams;Manchester United;eng ENG;DF;20;0;0;;;;
Allan Saint-Maximin;Newcastle United;fr FRA;FW,MF;24;35;31;2,804;31.2;5;5
Joelinton;Newcastle United;br BRA;MF,FW;24;35;30;2,558;28.4;4;1
Martin Dúbravka;Newcastle United;sk SVK;GK;32;26;26;2,340;26;0;0
Fabian Schär;Newcastle United;ch SUI;DF;29;25;25;2,158;24;2;2
Joe Willock;Newcastle United;eng ENG;MF;21;29;24;2,038;22.6;2;0
Jamaal Lascelles;Newcastle United;eng ENG;DF;27;26;22;2,058;22.9;1;0
Jonjo Shelvey;Newcastle United;eng ENG;MF;29;24;22;1,983;22;2;1
Miguel Almirón;Newcastle United;py PAR;MF,FW;27;30;19;1,716;19.1;1;0
Emil Krafth;Newcastle United;se SWE;DF;26;20;18;1,634;18.2;0;1
Ryan Fraser;Newcastle United;sct SCO;FW,MF;27;27;18;1,465;16.3;2;3
Dan Burn;Newcastle United;eng ENG;DF;29;16;16;1,440;16;0;1
Matt Targett;Newcastle United;eng ENG;DF;25;16;16;1,440;16;0;0
Callum Wilson;Newcastle United;eng ENG;FW;29;18;16;1,386;15.4;8;0
Sean Longstaff;Newcastle United;eng ENG;MF;23;24;15;1,464;16.3;1;1
Chris Wood;Newcastle United;nz NZL;FW;29;17;15;1,327;14.7;2;0
Javier Manquillo;Newcastle United;es ESP;DF;27;19;15;1,257;14;1;2
Matt Ritchie;Newcastle United;sct SCO;DF;31;18;14;1,337;14.9;0;2
Jacob Murphy;Newcastle United;eng ENG;FW,DF;26;33;13;1,473;16.4;1;2
Ciaran Clark;Newcastle United;ie IRL;DF;31;13;12;1,014;11.3;0;1
Isaac Hayden;Newcastle United;eng ENG;MF,DF;26;14;12;1,002;11.1;1;0
Bruno Guimarães;Newcastle United;br BRA;MF;23;17;11;1,034;11.5;5;1
Karl Darlow;Newcastle United;eng ENG;GK;30;8;8;720;8;0;0
Federico Fernández;Newcastle United;ar ARG;DF;32;7;5;523;5.8;0;0
Kieran Trippier;Newcastle United;eng ENG;DF;30;6;5;429;4.8;2;0
Freddie Woodman;Newcastle United;eng ENG;GK;24;4;4;360;4;0;0
Jamal Lewis;Newcastle United;nir NIR;DF;23;5;4;262;2.9;0;0
Paul Dummett;Newcastle United;wls WAL;DF;29;3;2;198;2.2;0;0
Jeff Hendrick;Newcastle United;ie IRL;MF;29;3;0;72;0.8;1;0
Dwight Gayle;Newcastle United;eng ENG;FW;30;8;0;38;0.4;0;0
Elliot Anderson;Newcastle United;sct SCO;MF;18;0;0;;;;
Lucas De Bolle;Newcastle United;eng ENG;MF;18;0;0;;;;
Mark Gillespie;Newcastle United;eng ENG;GK;29;0;0;;;;
Joe White;Newcastle United;eng ENG;MF;18;0;0;;;;
Teemu Pukki;Norwich City;fi FIN;FW;31;37;37;3,253;36.1;11;3
Grant Hanley;Norwich City;sct SCO;DF;29;33;33;2,897;32.2;1;0
Max Aarons;Norwich City;eng ENG;DF;21;34;32;2,881;32;0;2
Kenny McLean;Norwich City;sct SCO;MF;29;31;29;2,706;30.1;1;0
Tim Krul;Norwich City;nl NED;GK;33;29;29;2,610;29;0;0
Ben Gibson;Norwich City;eng ENG;DF;28;28;28;2,494;27.7;0;0
Pierre Lees-Melou;Norwich City;fr FRA;MF;28;33;27;2,265;25.2;1;0
Milot Rashica;Norwich City;xk KVX;FW,MF;25;31;25;2,229;24.8;1;2
Brandon Williams;Norwich City;eng ENG;DF;20;26;23;2,120;23.6;0;1
Billy Gilmour;Norwich City;sct SCO;MF;20;24;21;1,855;20.6;0;1
Mathias Normann;Norwich City;no NOR;MF;25;23;20;1,645;18.3;1;2
Josh Sargent;Norwich City;us USA;FW,MF;21;26;18;1,572;17.5;2;1
Dimitris Giannoulis;Norwich City;gr GRE;DF;25;18;14;1,169;13;0;1
Sam Byram;Norwich City;eng ENG;DF;27;15;11;1,027;11.4;0;0
Ozan Kabak;Norwich City;tr TUR;DF;21;11;11;922;10.2;0;0
Kieran Dowell;Norwich City;eng ENG;FW,MF;23;19;11;912;10.1;1;1
Angus Gunn;Norwich City;eng ENG;GK;25;9;9;810;9;0;0
Lukas Rupp;Norwich City;de GER;MF;30;19;7;769;8.5;0;0
Adam Idah;Norwich City;ie IRL;FW,MF;20;17;6;625;6.9;1;1
Jakob Sørensen;Norwich City;dk DEN;MF,DF;23;10;6;604;6.7;0;0
Przemys?aw P?acheta;Norwich City;pl POL;FW,MF;23;12;6;504;5.6;0;0
Todd Cantwell;Norwich City;eng ENG;FW,MF;23;8;5;441;4.9;0;0
Andrew Omobamidele;Norwich City;ie IRL;DF;19;5;4;382;4.2;1;0
Christos Tzolis;Norwich City;gr GRE;FW,MF;19;14;3;336;3.7;0;0
Christoph Zimmermann;Norwich City;de GER;DF;28;3;2;157;1.7;0;0
Tony Springett;Norwich City;eng ENG;FW,MF;18;3;1;141;1.6;0;0
Jon Rowe;Norwich City;eng ENG;FW,MF;18;13;0;223;2.5;0;1
Bali Mumba;Norwich City;eng ENG;DF;19;1;0;45;0.5;0;0
Thomas Dickson-Peters;Norwich City;sct SCO;FW;18;0;0;;;;
Liam Gibbs;Norwich City;eng ENG;MF;18;0;0;;;;
Abu Kamara;Norwich City;eng ENG;DF;18;0;0;;;;
Jon McCracken;Norwich City;sct SCO;GK;21;0;0;;;;
Michael McGovern;Norwich City;nir NIR;GK;37;0;0;;;;
Jonathan Tomkinson;Norwich City;us USA;DF;19;0;0;;;;
James Ward-Prowse;Southampton;eng ENG;MF;26;36;36;3,215;35.7;10;5
Oriol Romeu;Southampton;es ESP;MF;29;36;34;2,889;32.1;2;2
Mohammed Salisu;Southampton;gh GHA;DF;22;34;33;2,972;33;0;0
Jan Bednarek;Southampton;pl POL;DF;25;31;30;2,629;29.2;4;0
Kyle Walker-Peters;Southampton;eng ENG;DF;24;32;29;2,633;29.3;1;2
Valentino Livramento;Southampton;eng ENG;DF;18;28;25;2,202;24.5;1;1
Mohamed Elyounoussi;Southampton;no NOR;MF,FW;26;30;23;2,042;22.7;4;2
Che Adams;Southampton;sct SCO;FW;25;30;23;2,039;22.7;7;3
Armando Broja;Southampton;al ALB;FW;19;32;21;1,975;21.9;6;0
Nathan Redmond;Southampton;eng ENG;MF,FW;27;27;20;1,833;20.4;1;5
Fraser Forster;Southampton;eng ENG;GK;33;19;19;1,710;19;0;0
Romain Perraud;Southampton;fr FRA;DF;23;20;18;1,623;18;0;1
Alex McCarthy;Southampton;eng ENG;GK;31;17;17;1,530;17;0;0
Adam Armstrong;Southampton;eng ENG;FW;24;23;17;1,413;15.7;2;2
Stuart Armstrong;Southampton;sct SCO;MF;29;25;15;1,473;16.4;2;0
Ibrahima Diallo;Southampton;fr FRA;MF;22;23;10;1,023;11.4;0;2
Nathan Tella;Southampton;eng ENG;MF,FW;22;14;10;804;8.9;0;1
Lyanco;Southampton;br BRA;DF;24;15;9;911;10.1;0;0
Jack Stephens;Southampton;eng ENG;DF;27;11;9;811;9;0;0
Moussa Djenepo;Southampton;ml MLI;MF;23;12;5;457;5.1;0;0
Theo Walcott;Southampton;eng ENG;MF,FW;32;9;5;379;4.2;0;0
Yan Valery;Southampton;fr FRA;DF;22;5;3;370;4.1;0;0
Shane Long;Southampton;ie IRL;FW;34;13;3;308;3.4;1;0
Willy Caballero;Southampton;ar ARG;GK;39;2;2;180;2;0;0
William Smallbone;Southampton;ie IRL;MF,FW;21;4;2;133;1.5;0;0
Kgagelo Chauke;Southampton;eng ENG;MF;18;0;0;;;;
Tyler Dibling;Southampton;;MF;;0;0;;;;
Harry Lewis;Southampton;eng ENG;GK;23;0;0;;;;
Dynel Simeu;Southampton;eng ENG;DF;19;0;0;;;;
Thierry Small;Southampton;eng ENG;DF;16;0;0;;;;
Hugo Lloris;Tottenham Hotspur;fr FRA;GK;34;38;38;3,420;38;0;0
Harry Kane;Tottenham Hotspur;eng ENG;FW;28;37;36;3,232;35.9;17;9
Pierre Højbjerg;Tottenham Hotspur;dk DEN;MF;25;36;36;3,196;35.5;2;2
Eric Dier;Tottenham Hotspur;eng ENG;DF;27;35;35;3,071;34.1;0;0
Son Heung-min;Tottenham Hotspur;kr KOR;FW,MF;29;35;35;3,006;33.4;23;7
Ben Davies;Tottenham Hotspur;wls WAL;DF;28;29;28;2,538;28.2;1;1
Emerson;Tottenham Hotspur;br BRA;DF;22;31;26;2,286;25.4;1;1
Sergio Reguilón;Tottenham Hotspur;es ESP;DF;24;25;22;1,916;21.3;2;3
Cristian Romero;Tottenham Hotspur;ar ARG;DF;23;22;21;1,844;20.5;1;0
Lucas Moura;Tottenham Hotspur;br BRA;FW,MF;28;34;19;1,775;19.7;2;6
Davinson Sánchez;Tottenham Hotspur;co COL;DF;25;23;17;1,631;18.1;2;0
Rodrigo Bentancur;Tottenham Hotspur;uy URU;MF;24;17;16;1,361;15.1;0;4
Oliver Skipp;Tottenham Hotspur;eng ENG;MF;20;18;14;1,350;15;0;0
Dejan Kulusevski;Tottenham Hotspur;se SWE;MF,FW;21;18;14;1,261;14;5;8
Ryan Sessegnon;Tottenham Hotspur;eng ENG;DF;21;15;13;1,047;11.6;0;2
Japhet Tanganga;Tottenham Hotspur;eng ENG;DF;22;11;10;735;8.2;0;0
Harry Winks;Tottenham Hotspur;eng ENG;MF;25;19;9;912;10.1;0;1
Matt Doherty;Tottenham Hotspur;ie IRL;DF;29;15;9;875;9.7;2;4
Dele Alli;Tottenham Hotspur;eng ENG;MF,FW;25;10;8;657;7.3;1;0
Tanguy Ndombele;Tottenham Hotspur;fr FRA;MF;24;9;6;484;5.4;1;1
Steven Bergwijn;Tottenham Hotspur;nl NED;FW,MF;23;25;4;565;6.3;3;1
Giovani Lo Celso;Tottenham Hotspur;ar ARG;MF,FW;25;9;2;238;2.6;0;0
Bryan;Tottenham Hotspur;es ESP;FW,MF;20;9;0;94;1;0;0
Joe Rodon;Tottenham Hotspur;wls WAL;DF;23;3;0;89;1;0;0
Dane Scarlett;Tottenham Hotspur;eng ENG;MF;17;1;0;4;0;0;0
Brandon Austin;Tottenham Hotspur;eng ENG;GK;22;0;0;;;;
Jamie Bowden;Tottenham Hotspur;ie IRL;MF;20;0;0;;;;
Matthew Craig;Tottenham Hotspur;sct SCO;MF;18;0;0;;;;
Alfie Devine;Tottenham Hotspur;eng ENG;MF;16;0;0;;;;
Pierluigi Gollini;Tottenham Hotspur;it ITA;GK;26;0;0;;;;
Marcel Lavinier;Tottenham Hotspur;eng ENG;DF;20;0;0;;;;
Dilan Markanday;Tottenham Hotspur;eng ENG;FW,MF;19;0;0;;;;
Tobi Omole;Tottenham Hotspur;eng ENG;DF;21;0;0;;;;
Moussa Sissoko;Tottenham Hotspur;fr FRA;MF;31;0;0;;;;
Harvey White;Tottenham Hotspur;eng ENG;MF;19;0;0;;;;
Moussa Sissoko;Watford;fr FRA;MF;31;36;36;3,220;35.8;2;1
Emmanuel Dennis;Watford;ng NGA;FW,MF;23;33;30;2,581;28.7;10;6
Craig Cathcart;Watford;nir NIR;DF;32;31;27;2,396;26.6;0;1
Joshua King;Watford;no NOR;FW;29;32;27;2,248;25;5;3
Ben Foster;Watford;eng ENG;GK;38;26;26;2,340;26;0;1
Kiko Femenía;Watford;es ESP;DF;30;27;26;2,142;23.8;0;5
Juraj Kucka;Watford;sk SVK;MF;34;26;22;1,920;21.3;1;1
Ismaila Sarr;Watford;sn SEN;FW,MF;23;22;21;1,861;20.7;5;2
Tom Cleverley;Watford;eng ENG;MF;31;28;20;1,616;18;0;2
Samir Santos;Watford;br BRA;DF;26;19;19;1,673;18.6;0;0
Hassane Kamara;Watford;ci CIV;DF;27;19;18;1,623;18;1;0
Imran Louza;Watford;ma MAR;MF;22;20;17;1,416;15.7;0;0
João Pedro;Watford;br BRA;FW,MF;19;28;15;1,644;18.3;3;1
William Troost-Ekong;Watford;ng NGA;DF;27;17;15;1,390;15.4;0;0
Adam Masina;Watford;ma MAR;DF;27;15;13;1,077;12;0;1
Christian Kabasele;Watford;be BEL;DF;30;16;12;1,193;13.3;0;0
Daniel Bachmann;Watford;at AUT;GK;27;12;12;1,080;12;0;0
Cucho;Watford;co COL;FW,MF;22;25;11;1,147;12.7;5;2
Jeremy Ngakia;Watford;eng ENG;DF;20;16;9;903;10;0;0
Edo Kayembe;Watford;cd COD;MF;22;13;9;799;8.9;0;0
Ken Sema;Watford;se SWE;MF,FW;27;18;7;852;9.5;0;0
Danny Rose;Watford;eng ENG;DF;31;8;7;689;7.7;0;0
Francisco Sierralta;Watford;cl CHI;DF;24;5;5;427;4.7;0;0
Oghenekaro Etebo;Watford;ng NGA;MF;25;9;4;401;4.5;0;0
Ozan Tufan;Watford;tr TUR;MF;26;7;4;334;3.7;0;0
Samuel Kalu;Watford;ng NGA;FW;23;4;2;222;2.5;0;0
Nicolas Nkoulou;Watford;cm CMR;DF;31;3;2;168;1.9;0;0
Dan Gosling;Watford;eng ENG;MF;31;4;2;166;1.8;1;0
Ashley Fletcher;Watford;eng ENG;FW;25;3;0;30;0.3;0;0
Troy Deeney;Watford;eng ENG;FW;33;2;0;25;0.3;0;0
Vincent Angelini;Watford;sct SCO;GK;17;0;0;;;;
Kwadwo Baah;Watford;eng ENG;FW;18;0;0;;;;
Adrian Blake;Watford;eng ENG;FW;16;0;0;;;;
Kamil Conteh;Watford;sl SLE;MF;18;0;0;;;;
Tiago Çukur;Watford;tr TUR;FW;18;0;0;;;;
Rob Elliot;Watford;ie IRL;GK;35;0;0;;;;
Shaqai Forde;Watford;eng ENG;FW;17;0;0;;;;
Jack Grieves;Watford;eng ENG;FW;16;0;0;;;;
James Morris;Watford;eng ENG;DF;19;0;0;;;;
?ukasz Fabia?ski;West Ham United;pl POL;GK;36;37;37;3,330;37;0;0
Declan Rice;West Ham United;eng ENG;MF;22;36;35;3,179;35.3;1;4
Tomáš Sou?ek;West Ham United;cz CZE;MF;26;35;34;3,062;34;5;1
Jarrod Bowen;West Ham United;eng ENG;FW;24;36;34;2,983;33.1;12;10
Michail Antonio;West Ham United;jm JAM;FW;31;36;34;2,971;33;10;8
Pablo Fornals;West Ham United;es ESP;FW,MF;25;36;32;2,795;31.1;6;3
Aaron Cresswell;West Ham United;eng ENG;DF;31;31;31;2,726;30.3;2;3
Craig Dawson;West Ham United;eng ENG;DF;31;34;30;2,754;30.6;2;2
Saïd Benrahma;West Ham United;dz ALG;FW,MF;25;32;26;2,168;24.1;8;6
Vladimír Coufal;West Ham United;cz CZE;DF;28;28;25;2,209;24.5;0;4
Kurt Zouma;West Ham United;fr FRA;DF;26;24;24;2,078;23.1;1;0
Manuel Lanzini;West Ham United;ar ARG;MF,FW;28;30;19;1,786;19.8;5;3
Ben Johnson;West Ham United;eng ENG;DF;21;20;16;1,397;15.5;1;0
Angelo Ogbonna;West Ham United;it ITA;DF;33;11;11;921;10.2;1;0
Issa Diop;West Ham United;fr FRA;DF;24;13;10;963;10.7;0;1
Arthur Masuaku;West Ham United;cd COD;DF,FW;27;13;6;650;7.2;1;1
Nikola Vlaši?;West Ham United;hr CRO;FW,MF;23;19;6;560;6.2;1;0
Mark Noble;West Ham United;eng ENG;MF;34;11;3;332;3.7;1;0
Ryan Fredericks;West Ham United;eng ENG;DF;28;7;3;307;3.4;0;0
Andriy Yarmolenko;West Ham United;ua UKR;FW;31;19;1;316;3.5;1;0
Alphonse Areola;West Ham United;fr FRA;GK;28;1;1;90;1;0;0
Harrison Ashby;West Ham United;sct SCO;DF;19;1;0;7;0.1;0;0
Sonny Perkins;West Ham United;eng ENG;FW;17;1;0;4;0;0;0
Daniel Chesters;West Ham United;eng ENG;MF;19;1;0;1;0;0;0
Alex Král;West Ham United;cz CZE;MF;23;1;0;1;0;0;0
Ajibola Alese;West Ham United;eng ENG;DF;21;0;0;;;;
Jamal Baptiste;West Ham United;eng ENG;DF;17;0;0;;;;
Conor Coventry;West Ham United;ie IRL;MF;21;0;0;;;;
Pierre Ekwah Elimby;West Ham United;fr FRA;MF;19;0;0;;;;
Armstrong Okoflex;West Ham United;ie IRL;MF;19;0;0;;;;
Darren Randolph;West Ham United;ie IRL;GK;34;0;0;;;;
Conor Coady;Wolverhampton Wanderers;eng ENG;DF;28;38;38;3,361;37.3;4;0
José Sá;Wolverhampton Wanderers;pt POR;GK;28;37;37;3,285;36.5;0;1
João Moutinho;Wolverhampton Wanderers;pt POR;MF;34;35;34;2,970;33;2;1
Romain Saïss;Wolverhampton Wanderers;ma MAR;DF;31;31;31;2,705;30.1;2;0
Rúben Neves;Wolverhampton Wanderers;pt POR;MF;24;33;31;2,661;29.6;4;2
Max Kilman;Wolverhampton Wanderers;eng ENG;DF;24;30;30;2,687;29.9;1;0
Raúl Jiménez;Wolverhampton Wanderers;mx MEX;FW;30;34;30;2,631;29.2;6;4
Nélson Semedo;Wolverhampton Wanderers;pt POR;DF;27;25;25;2,131;23.7;0;1
Leander Dendoncker;Wolverhampton Wanderers;be BEL;MF;26;30;21;1,950;21.7;2;2
Rayan Aït Nouri;Wolverhampton Wanderers;fr FRA;DF;20;23;20;1,828;20.3;1;2
Hwang Hee-chan;Wolverhampton Wanderers;kr KOR;FW,MF;25;30;20;1,816;20.2;5;1
Fernando Marçal;Wolverhampton Wanderers;br BRA;DF;32;18;17;1,449;16.1;0;0
Francisco Trincão;Wolverhampton Wanderers;pt POR;FW,MF;21;28;16;1,336;14.8;2;1
Daniel Podence;Wolverhampton Wanderers;pt POR;FW,MF;25;26;15;1,484;16.5;2;3
Adama Traoré;Wolverhampton Wanderers;es ESP;FW;25;20;10;1,067;11.9;1;0
Jonny Castro;Wolverhampton Wanderers;es ESP;DF;27;13;10;1,024;11.4;2;0
Willy Boly;Wolverhampton Wanderers;ci CIV;DF;30;10;10;900;10;0;0
Fábio Silva;Wolverhampton Wanderers;pt POR;FW;19;22;6;572;6.4;0;0
Pedro Neto;Wolverhampton Wanderers;pt POR;FW,MF;21;13;5;466;5.2;1;1
Toti Gomes;Wolverhampton Wanderers;pt POR;DF;22;4;4;360;4;0;0
Ki-Jana Hoever;Wolverhampton Wanderers;nl NED;DF;19;8;4;308;3.4;0;0
Luke Cundle;Wolverhampton Wanderers;eng ENG;MF;19;4;2;180;2;0;0
Chiquinho;Wolverhampton Wanderers;pt POR;DF,MF;21;8;1;208;2.3;0;3
John Ruddy;Wolverhampton Wanderers;eng ENG;GK;34;2;1;135;1.5;0;0
Chem Campbell;Wolverhampton Wanderers;wls WAL;MF;18;1;0;13;0.1;0;0
Morgan Gibbs-White;Wolverhampton Wanderers;eng ENG;FW,MF;21;2;0;9;0.1;0;0
Hugo Bueno;Wolverhampton Wanderers;es ESP;DF;18;0;0;;;;
Ryan John Giles;Wolverhampton Wanderers;eng ENG;MF;21;0;0;;;;
Bruno Jordão;Wolverhampton Wanderers;pt POR;MF;22;0;0;;;;
Christian Marques;Wolverhampton Wanderers;ch SUI;DF;18;0;0;;;;
Yerson Mosquera;Wolverhampton Wanderers;co COL;DF;20;0;0;;;;
Louie Moulden;Wolverhampton Wanderers;eng ENG;GK;19;0;0;;;;
Dion Sanderson;Wolverhampton Wanderers;eng ENG;DF;21;0;0;;;;
James Storer;Wolverhampton Wanderers;;GK;;0;0;;;;